Workbook

Sheet Monthly Data
A1: Quarterly Weather Report — 2025
A3: Month | B3: Avg High (°C) | C3: Avg Low (°C) | D3: Mean Temp (°C) | E3: Precip (mm) | F3: Humidity (%) | G3: Wind (m/s) | H3: Sunny Days
A4: January | B4: 3 | C4: -2 | D4: =AVERAGE(B4,C4) | E4: 55 | F4: 78 | G4: 4.2 | H4: 8
A5: February | B5: 5 | C5: -1 | D5: =AVERAGE(B5,C5) | E5: 45 | F5: 72 | G5: 4.5 | H5: 10
A6: March | B6: 10 | C6: 3 | D6: =AVERAGE(B6,C6) | E6: 50 | F6: 68 | G6: 3.8 | H6: 13
A7: April | B7: 16 | C7: 7 | D7: =AVERAGE(B7,C7) | E7: 42 | F7: 60 | G7: 3.5 | H7: 17
A8: May | B8: 21 | C8: 12 | D8: =AVERAGE(B8,C8) | E8: 55 | F8: 58 | G8: 3 | H8: 20
A9: June | B9: 26 | C9: 17 | D9: =AVERAGE(B9,C9) | E9: 65 | F9: 62 | G9: 2.8 | H9: 22
A10: July | B10: 29 | C10: 20 | D10: =AVERAGE(B10,C10) | E10: 70 | F10: 65 | G10: 2.5 | H10: 25
A11: August | B11: 28 | C11: 19 | D11: =AVERAGE(B11,C11) | E11: 60 | F11: 66 | G11: 2.6 | H11: 23
A12: September | B12: 23 | C12: 15 | D12: =AVERAGE(B12,C12) | E12: 50 | F12: 63 | G12: 3.1 | H12: 19
A13: October | B13: 16 | C13: 9 | D13: =AVERAGE(B13,C13) | E13: 55 | F13: 70 | G13: 3.6 | H13: 14
A14: November | B14: 9 | C14: 3 | D14: =AVERAGE(B14,C14) | E14: 60 | F14: 76 | G14: 4 | H14: 9
A15: December | B15: 4 | C15: -1 | D15: =AVERAGE(B15,C15) | E15: 58 | F15: 80 | G15: 4.3 | H15: 7
A17: Annual Summary | B17: =AVERAGE(B4:B15) | C17: =AVERAGE(C4:C15) | D17: =AVERAGE(D4:D15) | E17: =AVERAGE(E4:E15) | F17: =AVERAGE(F4:F15) | G17: =AVERAGE(G4:G15) | H17: =SUM(H4:H15)

Sheet Quarterly Summary
A1: Quarterly Breakdown
A3: Quarter | B3: Avg High (°C) | C3: Avg Low (°C) | D3: Mean Temp (°C) | E3: Total Precip (mm) | F3: Avg Humidity (%)
A4: Q1 (Jan-Mar) | B4: =AVERAGE('Monthly Data'!B4:'Monthly Data'!B6) | C4: =AVERAGE('Monthly Data'!C4:'Monthly Data'!C6) | D4: =AVERAGE(B4,C4) | E4: =SUM('Monthly Data'!E4:'Monthly Data'!E6) | F4: =AVERAGE('Monthly Data'!F4:'Monthly Data'!F6)
A5: Q2 (Apr-Jun) | B5: =AVERAGE('Monthly Data'!B7:'Monthly Data'!B9) | C5: =AVERAGE('Monthly Data'!C7:'Monthly Data'!C9) | D5: =AVERAGE(B5,C5) | E5: =SUM('Monthly Data'!E7:'Monthly Data'!E9) | F5: =AVERAGE('Monthly Data'!F7:'Monthly Data'!F9)
A6: Q3 (Jul-Sep) | B6: =AVERAGE('Monthly Data'!B10:'Monthly Data'!B12) | C6: =AVERAGE('Monthly Data'!C10:'Monthly Data'!C12) | D6: =AVERAGE(B6,C6) | E6: =SUM('Monthly Data'!E10:'Monthly Data'!E12) | F6: =AVERAGE('Monthly Data'!F10:'Monthly Data'!F12)
A7: Q4 (Oct-Dec) | B7: =AVERAGE('Monthly Data'!B13:'Monthly Data'!B15) | C7: =AVERAGE('Monthly Data'!C13:'Monthly Data'!C15) | D7: =AVERAGE(B7,C7) | E7: =SUM('Monthly Data'!E13:'Monthly Data'!E15) | F7: =AVERAGE('Monthly Data'!F13:'Monthly Data'!F15)

Sheet Charts
A1: Temperature & Precipitation Charts
